PlotTag,PlotGrid,UTM.Easting,UTM.Northing,"Transect No.",PlotRadiusm,PlotAreaha,Elevationm,Aspectdeg,Slopeper,FirstMeasured,SecondMeasured,ThirdMeasured,Time9505yr,Time0515yr,ElevB,foresttype
p001,Core,280000,4868400,800,12.62,0.05,470,166,21.8441583948544,1995,2005,2015,10,10,L,NH.high
p002,Core,280000,4868500,800,12.62,0.05,490,194,14.9451001349127,1995,2005,2015,10,10,L,NH.high
p003,Core,280000,4868700,800,12.62,0.05,570,192,34.4978496454214,1995,2005,2015,10,10,L,NH.wood
p005,Core,280000,4869000,800,12.62,0.05,590,50,13.1652497587395,1995,2005,2015,10,10,L,SF.spruce
p006,Core,280000,4869100,800,12.62,0.05,580,29,15.4411056927102,1995,2005,2015,10,10,L,NH.high
p007,Core,280000,4869300,800,12.62,0.05,565,67,11.7473001395629,1995,2005,2015,10,10,L,NH.wood
p008,Core,280000,4869400,800,12.62,0.05,580,72,17.4527938894365,1995,2005,2015,10,10,L,NH.wood
p009,Core,280000,4869600,800,12.62,0.05,580,194,19.297191103603,1995,2005,2015,10,10,L,SF.spruce
p010,Core,280000,4869700,800,12.62,0.05,595,198,9.80508572823969,1995,2005,2015,10,10,L,NH.high
p011,Core,280000,4869900,800,12.62,0.05,630,187,7.59705107501998,1995,2005,2015,10,10,M,NH.wood
p012,Core,280000,4870000,800,12.62,0.05,640,186,9.51148384142527,1995,2005,2015,10,10,M,NH.wood
p013,Core,280000,4870200,800,12.62,0.05,690,120,27.1069363618817,1995,2005,2015,10,10,M,NH.wood
p014,Core,280000,4870300,800,12.62,0.05,720,145,19.6393597528532,1995,2005,2015,10,10,H,NH.wood
p015,Core,280000,4870500,800,12.62,0.05,750,198,11.7473001395629,1995,2005,2015,10,10,H,SF.firbirch
p016,Core,279500,4870500,795,12.62,0.05,765,155,14.2024307747344,1995,2005,2015,10,10,H,NH.wood
p017,Core,279500,4870300,795,12.62,0.05,750,178,12.0816536020798,1995,2005,2015,10,10,H,NH.wood
p018,Core,279500,4870200,795,12.62,0.05,700,186,10.4516067920691,1995,2005,2015,10,10,M,NH.wood
p019,Core,279500,4870000,795,12.62,0.05,670,116,14.6874626703797,1995,2005,2015,10,10,M,NH.wood
p020,Core,279500,4869900,795,12.62,0.05,670,156,13.8761466839291,1995,2005,2015,10,10,M,SF.spruce
p021,Core,279500,4869700,795,12.62,0.05,655,102,20.5270520287448,1995,2005,2015,10,10,M,NH.wood
p022,Core,279500,4869600,795,12.62,0.05,675,98,12.9482950302069,1995,2005,2015,10,10,M,NH.wood
p023,Core,279500,4869400,795,12.62,0.05,640,224,6.15519312485761,1995,2005,2015,10,10,M,NH.wood
p024,Core,279500,4869300,795,12.62,0.05,630,249,7.72384234994304,1995,2005,2015,10,10,M,NH.wood
p025,Core,279500,4869100,795,12.62,0.05,620,25,3.63770591600794,1995,2005,2015,10,10,L,NH.wood
p026,Core,279500,4869000,795,12.62,0.05,620,180,8.7488663525924,1995,2005,2015,10,10,L,NH.wood
p027,Core,279500,4868800,795,12.62,0.05,555,152,8.16292848861025,1995,2005,2015,10,10,L,NH.wood
p028,Core,279500,4868700,795,12.62,0.05,540,196,22.7194425798742,1995,2005,2015,10,10,L,NH.high
p029,Core,279500,4868500,795,12.62,0.05,490,168,19.9214782415618,1995,2005,2015,10,10,L,NH.wood
p030,Core,279500,4868400,795,12.62,0.05,450,226,11.3935608301645,1995,2005,2015,10,10,L,NH.wood
p031,Core,279500,4868200,795,12.62,0.05,450,346,10.6280786168929,1995,2005,2015,10,10,L,NH.high
p032,Core,279500,4868100,795,12.62,0.05,490,340,30.7852461386653,1995,2005,2015,10,10,L,NH.wood
p033,Core,279500,4867900,795,12.62,0.05,565,4,35.7395613211714,1995,2005,2015,10,10,L,NH.wood
p034,Core,279500,4867800,795,12.62,0.05,600,25,28.1767498196148,1995,2005,2015,10,10,L,NH.high
p035,Core,279500,4867600,795,12.62,0.05,620,6,21.7425903953312,1995,2005,2015,10,10,L,NH.high
p037,Core,279500,4867300,795,12.62,0.05,675,56,18.935368937257,1995,2005,2015,10,10,M,NH.high
p038,Core,279500,4867200,795,12.62,0.05,680,332,16.4552884642496,1995,2005,2015,10,10,M,NH.high
p039,Core,279500,4867000,795,12.62,0.05,700,11,12.9877323716919,1995,2005,2015,10,10,M,SF.spruce
p040,Core,279500,4866900,795,12.62,0.05,730,341,28.7585055055267,1995,2005,2015,10,10,H,NH.high
p041,Core,279500,4866700,795,12.62,0.05,820,360,31.5298788878983,1995,2005,2015,10,10,H,SF.firbirch
p042,Core,279500,4866600,795,12.62,0.05,850,284,15.5403951864442,1995,2005,2015,10,10,H,SF.firbirch
p043,Core,280000,4866400,800,12.62,0.05,705,81,17.5427322094427,1995,2005,2015,10,10,M,NH.high
p044,Core,280000,4866600,800,12.62,0.05,725,112,52.5754099925347,1995,2005,2015,10,10,H,SF.firbirch
p045,Core,280000,4866700,800,12.62,0.05,750,76,50.8304693908335,1995,2005,2015,10,10,H,SF.firbirch
p046,Core,280000,4866900,800,12.62,0.05,750,46,34.0860625138579,1995,2005,2015,10,10,H,SF.spruce
p047,Core,280000,4867000,800,12.62,0.05,750,62,7.83114654393806,1995,2005,2015,10,10,H,SF.spruce
p048,Core,280000,4867200,800,12.62,0.05,680,15,43.4812374960933,1995,2005,2015,10,10,M,SF.spruce
p049,Core,280000,4867300,800,12.62,0.05,670,22,30.2129415385235,1995,2005,2015,10,10,M,NH.wood
p050,Core,280000,4867500,800,12.62,0.05,620,36,28.6745385758807,1995,2005,2015,10,10,L,NH.wood
p051,Core,280000,4867600,800,12.62,0.05,600,40,5.43525604066424,1995,2005,2015,10,10,L,NH.wood
p052,Core,280000,4867800,800,12.62,0.05,535,28,15.2823042518076,1995,2005,2015,10,10,L,NH.high
p053,Core,280000,4867900,800,12.62,0.05,520,0,22.1694662642939,1995,2005,2015,10,10,L,NH.high
p054,Core,280000,4868100,800,12.62,0.05,480,310,14.4498128328079,1995,2005,2015,10,10,L,NH.hemlock
p055,Core,280000,4868200,800,12.62,0.05,460,70,3.54061826399258,1995,2005,2015,10,10,L,NH.high
p056,Core,279000,4868400,790,12.62,0.05,480,320,5.43525604066424,1995,2005,2015,10,10,L,SF.spruce
p057,Core,279000,4868500,790,12.62,0.05,475,158,25.7066448209199,1995,2005,2015,10,10,L,NH.hemlock
p058,Core,279000,4868700,790,12.62,0.05,500,240,13.7575701006119,1995,2005,2015,10,10,L,NH.high
p059,Core,279000,4868800,790,12.62,0.05,555,230,29.3052095582534,1995,2005,2015,10,10,L,NH.high
p060,Core,279000,4869000,790,12.62,0.05,620,125,9.28649932581595,1995,2005,2015,10,10,L,NH.wood
p061,Core,279000,4869100,790,12.62,0.05,630,150,2.61859215691869,1995,2005,2015,10,10,M,NH.high
p062,Core,279000,4869300,790,12.62,0.05,620,350,6.60303747399489,1995,2005,2015,10,10,L,NH.high
p063,Core,279000,4869400,790,12.62,0.05,630,25,5.33801195150336,1995,2005,2015,10,10,M,NH.wood
p064,Core,279000,4869600,790,12.62,0.05,630,0,8.7488663525924,1995,2005,2015,10,10,M,NH.high
p065,Core,279000,4869700,790,12.62,0.05,650,205,6.55434628152382,1995,2005,2015,10,10,M,NH.wood
p066,Core,279000,4869900,790,12.62,0.05,675,235,12.5738360764288,1995,2005,2015,10,10,M,NH.wood
p067,Core,279000,4870000,790,12.62,0.05,680,180,14.0540834702391,1995,2005,2015,10,10,M,NH.wood
p068,Core,279000,4870200,790,12.62,0.05,720,194,7.90919720344554,1995,2005,2015,10,10,H,NH.wood
p069,Core,279000,4870300,790,12.62,0.05,750,196,12.1210066744622,1995,2005,2015,10,10,H,NH.wood
p070,Core,279000,4870500,790,12.62,0.05,760,200,9.33540099822857,1995,2005,2015,10,10,H,NH.wood
p071,Core,279000,4870600,790,12.62,0.05,770,204,20.0424793647159,1995,2005,2015,10,10,H,NH.wood
p072,Core,279500,4870600,795,12.62,0.05,760,147,13.8761466839291,1995,2005,2015,10,10,H,NH.wood
p073,Core,279500,4870800,795,12.62,0.05,780,135,10.0694705183436,1995,2005,2015,10,10,H,NH.high
p074,Core,279000,4870800,790,12.62,0.05,825,180,30.573068145866,1995,2005,2015,10,10,H,NH.wood
p075,Core,279500,4870900,795,12.62,0.05,805,56,8.9052155630587,1995,2005,2015,10,10,H,SF.firbirch
p076,Core,278500,4870900,785,12.62,0.05,800,246,14.17275643116,1995,2005,2015,10,10,H,SF.firbirch
p077,Core,278500,4870800,785,12.62,0.05,790,250,6.50565818341311,1995,2005,2015,10,10,H,SF.firbirch
p078,Core,278500,4870600,785,12.62,0.05,760,171,12.4556584366183,1995,2005,2015,10,10,H,NH.wood
p079,Core,278500,4870500,785,12.62,0.05,740,160,12.0816536020798,1995,2005,2015,10,10,H,NH.wood
p080,Core,278500,4870300,785,12.62,0.05,700,206,7.34354095926239,1995,2005,2015,10,10,M,NH.wood
p081,Core,278500,4870200,785,12.62,0.05,680,166,19.4179064025983,1995,2005,2015,10,10,M,NH.wood
p082,Core,278500,4870000,785,12.62,0.05,640,0,6.11626201504843,1995,2005,2015,10,10,M,NH.hemlock
p083,Core,278500,4869900,785,12.62,0.05,640,138,15.3021502981226,1995,2005,2015,10,10,M,NH.wood
p084,Core,278500,4869700,785,12.62,0.05,630,102,3.55032672620211,1995,2005,2015,10,10,M,NH.high
p085,Core,278500,4869600,785,12.62,0.05,600,132,16.0770806776134,1995,2005,2015,10,10,L,NH.high
p086,Core,278500,4869400,785,12.62,0.05,585,218,14.0936367952869,1995,2005,2015,10,10,L,NH.hemlock
p087,Core,278500,4869300,785,12.62,0.05,590,95,17.7827027830774,1995,2005,2015,10,10,L,SF.spruce
p088,Core,278500,4869100,785,12.62,0.05,570,186,15.3021502981226,1995,2005,2015,10,10,L,NH.high
p089,Core,278500,4869000,785,12.62,0.05,560,177,18.8951961585141,1995,2005,2015,10,10,L,NH.wood
p090,Core,278500,4868800,785,12.62,0.05,520,108,18.8951961585141,1995,2005,2015,10,10,L,NH.high
p091,Core,278500,4868700,785,12.62,0.05,520,218,15.4609612068926,1995,2005,2015,10,10,L,SF.spruce
p092,Core,278500,4868500,785,12.62,0.05,485,0,3.49207694917477,1995,2005,2015,10,10,L,NH.hemlock
p093,Core,278500,4868400,785,12.62,0.05,500,54,17.2729992755263,1995,2005,2015,10,10,L,NH.wood
p094,Core,279000,4868200,790,12.62,0.05,490,38,8.573024177855,1995,2005,2015,10,10,L,NH.wood
p095,Core,279000,4868100,790,12.62,0.05,530,46,28.5486581640477,1995,2005,2015,10,10,L,NH.wood
p096,Core,279000,4867900,790,12.62,0.05,580,42,14.2914685386788,1995,2005,2015,10,10,L,NH.high
p097,Core,279000,4867800,790,12.62,0.05,630,30,26.1723366565788,1995,2005,2015,10,10,M,NH.high
p098,Core,279000,4867600,790,12.62,0.05,680,355,17.4328113212426,1995,2005,2015,10,10,M,NH.high
p099,Core,279000,4867500,790,12.62,0.05,682,340,28.6745385758807,1995,2005,2015,10,10,M,NH.high
p100,Core,279000,4867300,790,12.62,0.05,750,2,46.2653325005783,1995,2005,2015,10,10,H,SF.firbirch
p101,Core,279000,4867200,790,12.62,0.05,787,280,7.6750735753301,1995,2005,2015,10,10,H,SF.spruce
p102,Core,279000,4867000,790,12.62,0.05,790,344,11.1775258389733,1995,2005,2015,10,10,H,SF.firbirch
p103,Core,279000,4866900,790,12.62,0.05,810,335,20.1433567394026,1995,2005,2015,10,10,H,SF.firbirch
p104,Core,279000,4866700,790,12.62,0.05,845,60,18.8349480256734,1995,2005,2015,10,10,H,SF.spruce
p105,Core,279000,4866600,790,12.62,0.05,818,150,33.7833023038321,1995,2005,2015,10,10,H,SF.spruce
p106,Core,279000,4866400,790,12.62,0.05,830,3,20.2846513264067,1995,2005,2015,10,10,H,SF.firbirch
p107,Core,279000,4866300,790,12.62,0.05,855,344,22.0270893883961,1995,2005,2015,10,10,H,SF.firbirch
p108,Core,278500,4866600,785,10,0.0314,890,280,11.6883236758152,1995,2005,2015,10,10,H,SF.firbirch
p109,Core,278500,4866700,785,10,0.0314,880,325,14.6478431527409,1995,2005,2015,10,10,H,SF.firbirch
p110,Core,278500,4866900,785,12.62,0.05,810,25,26.6390933399297,1995,2005,2015,10,10,H,SF.firbirch
p111,Core,278500,4867000,785,12.62,0.05,850,336,26.1723366565788,1995,2005,2015,10,10,H,SF.firbirch
p112,Core,278500,4867200,785,12.62,0.05,790,355,30.0965839132728,1995,2005,2015,10,10,H,NH.high
p113,Core,278500,4867300,785,12.62,0.05,750,25,22.1186075708643,1995,2005,2015,10,10,H,NH.high
p114,Core,278500,4867500,785,12.62,0.05,700,12,26.3589103487567,1995,2005,2015,10,10,M,NH.high
p115,Core,278500,4867600,785,12.62,0.05,680,0,30.573068145866,1995,2005,2015,10,10,M,NH.wood
p116,Core,278500,4867800,785,12.62,0.05,595,0,17.6326980708464,1995,2005,2015,10,10,L,NH.wood
p117,Core,278500,4867900,785,12.62,0.05,580,0,19.4380309137718,1995,2005,2015,10,10,L,NH.hemlock
p118,Core,278500,4868100,785,12.62,0.05,540,40,13.8563812697661,1995,2005,2015,10,10,L,NH.wood
p119,Core,278500,4868200,785,12.62,0.05,520,46,20.1635369371541,1995,2005,2015,10,10,L,NH.wood
p120,Core,278000,4868400,780,12.62,0.05,520,4,36.3092019559508,1995,2005,2015,10,10,L,NH.high
p121,Core,278000,4868500,780,12.62,0.05,510,4,5.88271372882315,1995,2005,2015,10,10,L,NH.wood
p122,Core,278000,4868700,780,12.62,0.05,530,225,16.7342609081419,1995,2005,2015,10,10,L,NH.high
p123,Core,278000,4868800,780,12.62,0.05,570,193,23.4957107418629,1995,2005,2015,10,10,L,NH.high
p124,Core,278000,4869000,780,12.62,0.05,570,224,24.3979182337487,1995,2005,2015,10,10,L,NH.wood
p125,Core,278000,4869100,780,12.62,0.05,620,94,14.5488140247726,1995,2005,2015,10,10,L,NH.high
p126,Core,278000,4869300,780,12.62,0.05,590,2,2.75443798258504,1995,2005,2015,10,10,L,SF.spruce
p127,Core,278000,4869400,780,12.62,0.05,575,244,4.73531614109023,1995,2005,2015,10,10,L,SF.spruce
p128,Core,278000,4869600,780,12.62,0.05,580,NA,2.18200776221494,1995,2005,2015,10,10,L,SF.spruce
p129,Core,278000,4869700,780,12.62,0.05,605,182,11.8652772940821,1995,2005,2015,10,10,L,NH.high
p130,Core,278000,4869900,780,12.62,0.05,640,195,14.2024307747344,1995,2005,2015,10,10,M,NH.high
p131,Core,278000,4870000,780,10,0.0314,690,174,44.1747678145849,1995,2005,2015,10,10,M,SF.spruce
p132,Core,278000,4870200,780,12.62,0.05,710,66,2.73503082577468,1995,2005,2015,10,10,M,SF.spruce
p133,Core,278000,4870300,780,12.62,0.05,735,160,19.5386762621956,1995,2005,2015,10,10,H,NH.high
p134,Core,278000,4870500,780,12.62,0.05,750,145,11.3935608301645,1995,2005,2015,10,10,H,SF.spruce
p135,Core,278000,4870600,780,12.62,0.05,745,164,22.9030574197392,1995,2005,2015,10,10,H,NH.high
p136,Core,278000,4870800,780,12.62,0.05,775,80,7.87017068246184,1995,2005,2015,10,10,H,SF.spruce
p137,Core,278000,4870900,780,12.62,0.05,770,76,5.98001759814685,1995,2005,2015,10,10,H,SF.spruce
p138,Core,278000,4868200,780,12.62,0.05,550,12,16.3158959524957,1995,2005,2015,10,10,L,NH.wood
p139,Core,278000,4868100,780,12.62,0.05,570,0,16.7342609081419,1995,2005,2015,10,10,L,NH.wood
p140,Core,278000,4867900,780,12.62,0.05,600,0,8.7488663525924,1995,2005,2015,10,10,L,NH.high
p141,Core,278000,4867800,780,12.62,0.05,610,307,9.72677572215896,1995,2005,2015,10,10,L,NH.high
p142,Core,278000,4867600,780,12.62,0.05,610,295,15.6397146073581,1995,2005,2015,10,10,L,NH.wood
p143,Core,278000,4867500,780,12.62,0.05,630,306,11.0401027815818,1995,2005,2015,10,10,M,NH.wood
p144,Core,278000,4867300,780,12.62,0.05,660,312,17.9928399279259,1995,2005,2015,10,10,M,NH.wood
p145,Core,278000,4867200,780,12.62,0.05,690,319,15.4311783816243,1995,2005,2015,10,10,M,SF.spruce
p146,Core,278000,4867000,780,12.62,0.05,710,308,10.7065314916878,1995,2005,2015,10,10,M,NH.wood
p147,Core,278000,4866900,780,12.62,0.05,705,350,18.3333893895296,1995,2005,2015,10,10,M,NH.high
p148,Core,278000,4866700,780,12.62,0.05,740,0,26.7949192431122,1995,2005,2015,10,10,H,NH.wood
p149,Core,278000,4866600,780,12.62,0.05,750,349,26.1308990214671,1995,2005,2015,10,10,H,SF.firbirch
p150,Core,278000,4866400,780,12.62,0.05,820,4,15.6595821004312,1995,2005,2015,10,10,H,SF.firbirch
p151,Core,278000,4866300,780,12.62,0.05,820,275,19.2368538006798,1995,2005,2015,10,10,H,SF.firbirch
p152,Core,277500,4868200,775,12.62,0.05,540,28,3.82219147598217,1995,2005,2015,10,10,L,NH.high
p153,Core,277500,4868400,775,12.62,0.05,520,332,2.98734045452657,1995,2005,2015,10,10,L,SF.spruce
p154,Core,277500,4868500,775,12.62,0.05,515,344,7.59705107501998,1995,2005,2015,10,10,L,NH.hemlock
p155,Core,277500,4868700,775,12.62,0.05,515,NA,0,1995,2005,2015,10,10,L,SF.spruce
p156,Core,277500,4868800,775,12.62,0.05,490,NA,1.74550649282175,1995,2005,2015,10,10,L,NH.hemlock
p157,Core,277500,4869000,775,12.62,0.05,505,232,16.7342609081419,1995,2005,2015,10,10,L,NH.high
p158,Core,277500,4869100,775,12.62,0.05,525,238,30.9976776254845,1995,2005,2015,10,10,L,NH.wood
p159,Core,277500,4869300,775,12.62,0.05,575,262,19.2770771660667,1995,2005,2015,10,10,L,NH.wood
p160,Core,277500,4869400,775,12.62,0.05,590,230,32.8138728730382,1995,2005,2015,10,10,L,NH.hemlock
p161,Core,277500,4869600,775,12.62,0.05,585,236,21.8035260431028,1995,2005,2015,10,10,L,NH.hemlock
p162,Core,277500,4869700,775,12.62,0.05,600,198,30.382322998118,1995,2005,2015,10,10,L,NH.high
p163,Core,277500,4869900,775,12.62,0.05,645,260,34.5412563703344,1995,2005,2015,10,10,M,NH.high
p164,Core,277500,4870000,775,12.62,0.05,655,347,7.99701564848511,1995,2005,2015,10,10,M,NH.high
p165,Core,277500,4870200,775,12.62,0.05,700,146,17.4927630855118,1995,2005,2015,10,10,M,NH.high
p166,Core,277500,4870300,775,12.62,0.05,750,146,16.3955412216298,1995,2005,2015,10,10,H,NH.high
p167,Core,277500,4870500,775,12.62,0.05,810,166,34.4110710202042,1995,2005,2015,10,10,H,NH.high
p168,Core,277500,4870600,775,10,0.0314,840,176,13.3428487434286,1995,2005,2015,10,10,H,SF.firbirch
p169,Core,277500,4870700,775,12.62,0.05,835,120,12.8694322174618,1995,2005,2015,10,10,H,SF.firbirch
p170,Core,277500,4870900,775,12.62,0.05,835,354,15.0640750263859,1995,2005,2015,10,10,H,SF.firbirch
p171,Core,277500,4868100,775,12.62,0.05,550,5,6.2622632971496,1995,2005,2015,10,10,L,NH.high
p172,Core,277500,4867900,775,12.62,0.05,540,301,8.59255957903291,1995,2005,2015,10,10,L,NH.high
p173,Core,277500,4867800,775,12.62,0.05,555,337,7.93358999421771,1995,2005,2015,10,10,L,NH.high
p174,Core,277500,4867600,775,12.62,0.05,570,333,21.438142424973,1995,2005,2015,10,10,L,NH.hemlock
p175,Core,277500,4867500,775,12.62,0.05,600,318,22.7194425798742,1995,2005,2015,10,10,L,NH.hemlock
p176,Core,277500,4867300,775,12.62,0.05,660,305,12.130845520241,1995,2005,2015,10,10,M,NH.hemlock
p177,Core,277500,4867200,775,12.62,0.05,660,336,17.1531964804578,1995,2005,2015,10,10,M,SF.spruce
p178,Core,277500,4867000,775,12.62,0.05,710,339,18.7144913215174,1995,2005,2015,10,10,M,NH.wood
p179,Core,277500,4866900,775,12.62,0.05,730,339,20.1030010718191,1995,2005,2015,10,10,H,NH.high
p180,Core,277500,4866700,775,12.62,0.05,790,336,17.9327851095531,1995,2005,2015,10,10,H,NH.high
p181,Core,277500,4866600,775,12.62,0.05,820,37,21.5903186089777,1995,2005,2015,10,10,H,SF.firbirch
p182,Core,277000,4866300,770,12.62,0.05,860,134,0.28119267616381,1996,2005,2015,9,10,H,SF.firbirch
p183,Core,277000,4866400,770,12.62,0.05,830,268,44.4764031434961,1996,2005,2015,9,10,H,SF.spruce
p184,Core,277000,4866600,770,12.62,0.05,790,350,21.5598757474771,1996,2005,2015,9,10,H,NH.high
p185,Core,277000,4866700,770,12.62,0.05,755,352,19.3173065466101,1996,2005,2015,9,10,H,NH.wood
p186,Core,277000,4866900,770,12.62,0.05,725,18,17.9027624017439,1996,2005,2015,9,10,H,NH.high
p187,Core,277000,4867000,770,12.62,0.05,690,307,20.133267231836,1996,2005,2015,9,10,M,NH.high
p188,Core,277000,4867200,770,12.62,0.05,680,132,16.9735818260966,1996,2005,2015,9,10,M,NH.high
p189,Core,277000,4867300,770,12.62,0.05,710,70,17.2330596762082,1995,2005,2015,10,10,M,NH.wood
p190,Core,277000,4867500,770,12.62,0.05,705,28,8.61209563126477,1995,2005,2015,10,10,M,NH.wood
p191,Core,277000,4867600,770,12.62,0.05,690,80,35.3027728146534,1995,2005,2015,10,10,M,NH.wood
p192,Core,277000,4867800,770,12.62,0.05,680,79,20.9619346790661,1995,2005,2015,10,10,M,NH.wood
p193,Core,277000,4867900,770,12.62,0.05,670,30,6.11626201504843,1995,2005,2015,10,10,M,NH.wood
p194,Core,277000,4868100,770,12.62,0.05,660,44,14.3904254445763,1995,2005,2015,10,10,M,NH.wood
p195,Core,277000,4868200,770,12.62,0.05,640,16,46.4420276620931,1995,2005,2015,10,10,M,NH.wood
p196,Core,277000,4868400,770,12.62,0.05,575,42,17.9027624017439,1996,2005,2015,9,10,L,NH.wood
p198,Core,277000,4868700,770,12.62,0.05,530,74,5.18244226934546,1995,2005,2015,10,10,L,NH.wood
p199,Core,277000,4868800,770,12.62,0.05,530,20,5.43525604066424,1995,2005,2015,10,10,L,NH.high
p200,Core,277000,4869000,770,12.62,0.05,540,228,6.34987679359105,1995,2006,2016,11,10,L,NH.high
p201,Core,277000,4869100,770,12.62,0.05,540,180,15.8384440324536,1995,2006,2016,11,10,L,NH.high
p202,Core,277000,4869300,770,12.62,0.05,580,14,20.183718713149,1995,2006,2016,11,10,L,SF.spruce
p203,Core,277000,4869400,770,12.62,0.05,590,84,25.489680375378,1995,2006,2016,11,10,L,NH.high
p204,Core,277000,4869600,770,12.62,0.05,590,75,14.0540834702391,1995,2006,2016,11,10,L,NH.wood
p205,Core,277000,4869700,770,12.62,0.05,580,68,10.333994738766,1995,2006,2016,11,10,L,NH.wood
p206,Core,277000,4869900,770,12.62,0.05,595,178,29.4105293685305,1995,2006,2016,11,10,L,NH.high
p207,Core,277000,4870000,770,12.62,0.05,640,215,13.3625870502985,1996,2006,2016,10,10,M,NH.wood
p208,Core,277000,4870200,770,12.62,0.05,705,216,13.1652497587395,1996,2006,2016,10,10,M,NH.high
p209,Core,277000,4870300,770,12.62,0.05,720,220,17.5327377054434,1996,2006,2016,10,10,H,SF.spruce
p210,Core,277000,4870500,770,12.62,0.05,790,200,19.6393597528532,1996,2006,2016,10,10,H,SF.spruce
p211,Core,277000,4870600,770,12.62,0.05,810,196,15.3418459260162,1996,2006,2016,10,10,H,NH.wood
p212,Core,277000,4870800,770,12.62,0.05,900,195,29.621349496208,1996,2006,2016,10,10,H,SF.spruce
p213,Core,277000,4870900,770,12.62,0.05,910,208,33.1363912358213,1996,2006,2016,10,10,H,SF.spruce
p214,Core,276500,4869100,765,12.62,0.05,540,102,34.3026628523265,1996,2006,2016,10,10,L,NH.wood
p215,Core,276500,4869000,765,12.62,0.05,555,70,26.7949192431122,1996,2006,2016,10,10,L,NH.wood
p216,Core,276500,4868800,765,12.62,0.05,600,114,23.2094091331426,1996,2006,2016,10,10,L,NH.high
p217,Core,276500,4868700,765,12.62,0.05,590,112,7.22656814181835,1996,2006,2016,10,10,L,NH.high
p218,Core,276500,4868500,765,12.62,0.05,585,55,5.14355378669733,1996,2006,2016,10,10,L,NH.hemlock
p219,Core,276500,4868400,765,12.62,0.05,590,110,16.9336819481128,1996,2006,2016,10,10,L,NH.hemlock
p220,Core,276500,4868200,765,12.62,0.05,630,54,15.3021502981226,1996,2006,2016,10,10,M,NH.hemlock
p221,Core,276500,4868100,765,12.62,0.05,625,23,19.9214782415618,1996,2006,2016,10,10,L,NH.hemlock
p222,Core,276500,4867900,765,12.62,0.05,660,51,7.69458064836253,1996,2006,2016,10,10,M,NH.high
p223,Core,276500,4867800,765,12.62,0.05,685,61,26.2863335804483,1996,2006,2016,10,10,M,NH.high
p224,Core,276500,4867600,765,12.62,0.05,730,350,20.9518125542608,1996,2006,2016,10,10,H,NH.high
p225,Core,276500,4867500,765,12.62,0.05,750,20,20.4462261969151,1996,2006,2016,10,10,H,SF.firbirch
p226,Core,276500,4867300,765,12.62,0.05,785,28,14.3112577197864,1996,2006,2016,10,10,H,SF.firbirch
p227,Core,276500,4867200,765,12.62,0.05,790,14,24.2541374305688,1996,2006,2016,10,10,H,SF.firbirch
p228,Core,276500,4867000,765,12.62,0.05,818,112,19.9214782415618,1996,2006,2016,10,10,H,SF.firbirch
p229,Core,276500,4866900,765,12.62,0.05,805,38,3.22027531087104,1996,2006,2016,10,10,H,NH.wood
p230,Core,276500,4866700,765,12.62,0.05,805,11,18.9052388007044,1996,2006,2016,10,10,H,NH.high
p231,Core,276500,4866600,765,12.62,0.05,840,15,31.8499797497617,1996,2006,2016,10,10,H,SF.firbirch
p232,Core,276500,4869300,765,12.62,0.05,539,348,0.7563237632553,1996,2006,2016,10,10,L,NH.hemlock
p233,Core,276500,4869400,765,12.62,0.05,550,234,9.71698780421371,1996,2006,2016,10,10,L,NH.wood
p234,Core,276500,4869600,765,12.62,0.05,575,239,16.0571875062785,1996,2006,2016,10,10,L,NH.wood
p235,Core,276500,4869700,765,12.62,0.05,589,216,12.1013296765107,1996,2006,2016,10,10,L,NH.hemlock
p236,Core,276500,4869900,765,12.62,0.05,610,220,14.746900414828,1996,2006,2016,10,10,L,NH.wood
p237,Core,276500,4870000,765,12.62,0.05,615,220,9.28649932581595,1996,2006,2016,10,10,L,NH.wood
p238,Core,276500,4870200,765,12.62,0.05,700,160,13.6587852902092,1996,2006,2016,10,10,M,NH.high
p239,Core,276500,4870300,765,12.62,0.05,735,140,7.2850520717273,1996,2006,2016,10,10,H,SF.spruce
p240,Core,276500,4870500,765,12.62,0.05,755,112,9.78550711364926,1996,2006,2016,10,10,H,SF.spruce
p241,Core,276500,4870600,765,12.62,0.05,755,42,13.5205304647795,1996,2006,2016,10,10,H,SF.firbirch
p242,Core,276500,4870800,765,12.62,0.05,800,242,10.1184458543085,1996,2006,2016,10,10,H,SF.firbirch
p243,Core,276500,4870900,765,12.62,0.05,825,210,15.5403951864442,1996,2006,2016,10,10,H,NH.high
p244,Core,276500,4871100,765,12.62,0.05,860,178,25.489680375378,1996,2006,2016,10,10,H,SF.firbirch
p245,Core,276500,4871200,765,12.62,0.05,895,190,35.5210166283727,1996,2006,2016,10,10,H,SF.firbirch
p246,Core,276000,4866900,760,12.62,0.05,900,144,16.3756280089017,1996,2006,2016,10,10,H,SF.firbirch
p247,Core,276000,4867000,760,10,0.0314,910,79,18.4637078904223,1996,2006,2016,10,10,H,SF.firbirch
p248,Core,276000,4867200,760,12.62,0.05,870,110,20.1433567394026,1996,2006,2016,10,10,H,SF.firbirch
p249,Core,276000,4867300,760,12.62,0.05,870,72,26.9820707817905,1996,2006,2016,10,10,H,SF.firbirch
p250,Core,276000,4867500,760,12.62,0.05,855,80,9.92257310482608,1996,2006,2016,10,10,H,SF.firbirch
p251,Core,276000,4867600,760,10,0.0314,840,24,26.1723366565788,1996,2006,2016,10,10,H,SF.firbirch
p252,Core,276000,4867800,760,12.62,0.05,780,39,38.5199636382769,1996,2006,2016,10,10,H,SF.spruce
p253,Core,276000,4867900,760,12.62,0.05,770,86,44.5693499684895,1996,2006,2016,10,10,H,NH.high
p254,Core,276000,4868100,760,12.62,0.05,780,52,27.7951165433405,1996,2006,2016,10,10,H,NH.high
p255,Core,276000,4868200,760,12.62,0.05,760,100,28.8320073026632,1996,2006,2016,10,10,H,NH.high
p256,Core,276000,4868400,760,12.62,0.05,710,102,32.4919696232906,1996,2006,2016,10,10,M,NH.high
p257,Core,276000,4868500,760,12.62,0.05,720,110,4.22038207994066,1996,2006,2016,10,10,H,NH.high
p258,Core,276000,4868700,760,12.62,0.05,715,150,43.4812374960933,1996,2006,2016,10,10,H,NH.high
p259,Core,276000,4868800,760,12.62,0.05,720,70,47.9358185732458,1996,2006,2016,10,10,H,SF.spruce
p260,Core,276000,4869000,760,12.62,0.05,690,142,5.92163393421542,1996,2006,2016,10,10,M,NH.wood
p261,Core,276000,4869100,760,12.62,0.05,690,50,21.5598757474771,1996,2006,2016,10,10,M,NH.wood
p262,Core,276000,4869300,760,12.62,0.05,660,55,8.40699934197386,1996,2006,2016,10,10,M,NH.wood
p263,Core,276000,4869400,760,12.62,0.05,645,35,14.5488140247726,1996,2006,2016,10,10,M,NH.high
p264,Core,276000,4869600,760,12.62,0.05,635,104,32.5563014100178,1996,2006,2016,10,10,M,NH.high
p265,Core,276000,4869700,760,12.62,0.05,625,96,17.9928399279259,1996,2006,2016,10,10,L,SF.spruce
p266,Core,276000,4869900,760,12.62,0.05,580,80,16.9336819481128,1996,2006,2016,10,10,L,NH.high
p267,Core,276000,4870000,760,12.62,0.05,565,218,4.23009566398207,1996,2006,2016,10,10,L,NH.hemlock
p268,Core,276000,4870200,760,12.62,0.05,590,256,47.1512093505909,1996,2005,2015,9,10,L,NH.wood
p269,Core,276000,4870300,760,12.62,0.05,620,160,37.4437365376498,1996,2006,2016,10,10,L,NH.wood
p270,Core,276000,4870500,760,12.62,0.05,650,214,20.2644616336355,1996,2006,2016,10,10,M,NH.high
p271,Core,276000,4870600,760,12.62,0.05,775,250,28.5696324155492,1996,2006,2016,10,10,H,SF.spruce
p272,Core,276000,4870800,760,12.62,0.05,740,180,40.4026225835156,1996,2006,2016,10,10,H,NH.high
p273,Core,276000,4870900,760,12.62,0.05,760,175,34.81281263901,1996,2006,2016,10,10,H,NH.wood
p274,Core,276000,4871100,760,12.62,0.05,800,182,8.92476223656313,1996,2006,2016,10,10,H,NH.wood
p299,Core,280500,4868500,805,12.62,0.05,488,146,16.6943922790003,1996,2006,2016,10,10,L,NH.wood
p300,Core,280500,4868700,805,12.62,0.05,515,70,14.251893465512,1996,2006,2016,10,10,L,NH.wood
p301,Core,280500,4868800,805,12.62,0.05,495,95,19.33742349677,1996,2006,2016,10,10,L,NH.wood
p302,Core,280500,4869000,805,12.62,0.05,500,110,13.461293960972,1996,2006,2016,10,10,L,NH.wood
p303,Core,280500,4869100,805,12.62,0.05,530,140,6.50565818341311,1996,2006,2016,10,10,L,NH.hemlock
p304,Core,280500,4869300,805,12.62,0.05,535,180,15.3914721059829,1996,2006,2016,10,10,L,NH.high
p305,Core,280500,4869400,805,12.62,0.05,535,170,9.23760205652906,1996,2006,2016,10,10,L,NH.wood
p306,Core,280500,4869600,805,12.62,0.05,550,43,11.7767913920172,1996,2006,2016,10,10,L,NH.wood
p307,Core,280500,4869700,805,12.62,0.05,530,51,19.6494302078671,1996,2006,2016,10,10,L,NH.wood
p308,Core,280500,4869900,805,12.62,0.05,540,150,15.8384440324536,1996,2006,2016,10,10,L,NH.high
p309,Core,281000,4869900,810,12.62,0.05,512,163,18.1730800065715,1996,2006,2016,10,10,L,NH.wood
p310,Core,281000,4869700,810,12.62,0.05,480,118,16.51504714753,1996,2006,2016,10,10,L,NH.wood
p311,Core,281000,4869600,810,12.62,0.05,457,42,20.1635369371541,1996,2006,2016,10,10,L,NH.wood
p312,Core,281000,4869400,810,12.62,0.05,480,90,15.8384440324536,1996,2006,2016,10,10,L,NH.wood
p313,Core,281000,4869300,810,12.62,0.05,470,63,14.1430845342457,1996,2006,2016,10,10,L,NH.wood
p314,Core,281000,4869100,810,12.62,0.05,470,33,4.45353046121562,1996,2006,2016,10,10,L,NH.wood
p315,Core,281000,4869000,810,12.62,0.05,475,118,11.7866222582787,1996,2006,2016,10,10,L,NH.wood
p316,Core,281000,4868800,810,12.62,0.05,470,70,24.3157461490095,1996,2006,2016,10,10,L,NH.wood
p317,Core,281000,4868700,810,12.62,0.05,465,204,4.54097342815187,1996,2006,2016,10,10,L,NH.hemlock
p318,Core,281000,4868500,810,12.62,0.05,420,218,29.705745291252,1996,2006,2016,10,10,L,NH.hemlock
p319,Core,281500,4869000,815,12.62,0.05,360,84,8.69024638077495,1996,2006,2016,10,10,L,NH.wood
p320,Core,281500,4869100,815,12.62,0.05,372,10,2.90970282385159,1996,2006,2016,10,10,L,NH.wood
p321,Core,281500,4869300,815,12.62,0.05,340,108,17.4527938894365,1996,2006,2016,10,10,L,NH.wood
p322,Core,281500,4869400,815,12.62,0.05,368,170,16.9336819481128,1996,2006,2016,10,10,L,NH.hemlock
p323,Core,281500,4869600,815,12.62,0.05,380,105,14.6478431527409,1996,2005,2015,9,10,L,NH.high
p324,Core,281500,4869900,815,12.62,0.05,440,236,28.9896081522479,1996,2006,2016,10,10,L,NH.hemlock
p325,Core,281500,4870000,815,12.62,0.05,465,224,22.5155967532243,1996,2006,2016,10,10,L,NH.wood
p326,Core,281500,4870200,815,12.62,0.05,495,247,33.3086550395841,1996,2006,2016,10,10,L,NH.wood
p328,Core,282000,4870500,820,12.62,0.05,640,220,19.1363216152902,1996,2006,2016,10,10,M,NH.hemlock
p329,Core,282000,4870300,820,12.62,0.05,635,232,13.955218994098,1996,2006,2016,10,10,M,SF.spruce
p330,Core,282000,4870200,820,12.62,0.05,640,187,23.9976210010959,1996,2006,2016,10,10,M,NH.hemlock
p331,Core,282000,4870000,820,12.62,0.05,515,214,12.6329378446108,1996,2006,2016,10,10,L,NH.wood
p332,Core,282000,4869900,820,12.62,0.05,480,190,19.8408420056363,1996,2006,2016,10,10,L,NH.wood
p333,Core,282000,4869700,820,12.62,0.05,430,228,15.1235780936619,1996,2006,2016,10,10,L,NH.hemlock
p334,Core,282000,4869600,820,12.62,0.05,410,220,21.053052344689,1996,2006,2016,10,10,L,NH.high
p335,Core,282000,4869400,820,12.62,0.05,350,136,7.09012469248253,1996,2006,2016,10,10,L,NH.wood
p336,Core,282000,4869300,820,12.62,0.05,340,174,40.6057892442405,1996,2005,2015,9,10,L,NH.wood
p337,Core,282500,4869000,825,12.62,0.05,310,188,26.9196674094841,1996,2006,2016,10,10,L,NH.hemlock
p338,Core,282500,4869100,825,12.62,0.05,330,114,7.51903776997486,1996,2006,2016,10,10,L,NH.hemlock
p339,Core,282500,4869400,825,12.62,0.05,330,180,2.61859215691869,1996,2006,2016,10,10,L,NH.hemlock
p340,Core,282500,4869600,825,12.62,0.05,390,84,34.3026628523265,1996,2006,2016,10,10,L,NH.hemlock
p341,Core,282500,4869700,825,12.62,0.05,400,92,17.6626928375011,1996,2006,2016,10,10,L,NH.wood
p342,Core,282500,4869900,825,12.62,0.05,435,75,26.0169887843692,1996,2006,2016,10,10,L,NH.wood
p343,Core,282500,4870000,825,12.62,0.05,460,142,30.3187862857412,1996,2006,2016,10,10,L,NH.wood
p344,Core,282500,4870200,825,12.62,0.05,520,170,42.9059722363364,1996,2006,2016,10,10,L,NH.wood
p345,Core,282500,4870300,825,12.62,0.05,570,131,26.7117970253118,1996,2006,2016,10,10,L,NH.wood
p346,Core,283000,4870200,830,12.62,0.05,380,126,30.573068145866,1996,2006,2016,10,10,L,NH.wood
p348,Core,283000,4869900,830,12.62,0.05,360,208,20.2240870066825,1996,2006,2016,10,10,L,NH.wood
p349,Core,283000,4869700,830,12.62,0.05,300,200,28.2552615895321,1996,2006,2016,10,10,L,NH.high
p350,Core,283000,4869600,830,12.62,0.05,350,120,32.170674296376,1996,2006,2016,10,10,L,NH.wood
p351,Core,283000,4869400,830,12.62,0.05,330,90,21.2556561670022,1996,2006,2016,10,10,L,NH.hemlock
p352,Core,283000,4869300,830,12.62,0.05,320,114,23.884848472254,1996,2006,2016,10,10,L,NH.hemlock
p353,Core,283000,4869000,830,12.62,0.05,250,140,21.9660968193677,1996,2006,2016,10,10,L,NH.hemlock
p354,Core,283000,4868800,830,12.62,0.05,245,112,5.00745623864034,1996,2006,2016,10,10,L,NH.hemlock
p355,Core,280500,4868200,805,12.62,0.05,435,22,23.2502871720003,1996,2006,2016,10,10,L,NH.hemlock
p356,Core,280500,4868100,805,12.62,0.05,468,358,6.83679900310621,1996,2006,2016,10,10,L,NH.high
p357,Core,280500,4867900,805,12.62,0.05,505,297,16.2860341790343,1996,2006,2016,10,10,L,NH.hemlock
p358,Core,280500,4867800,805,12.62,0.05,510,270,21.2556561670022,1996,2006,2016,10,10,L,NH.hemlock
p359,Core,280500,4867600,805,12.62,0.05,530,38,4.67700964606185,1996,2006,2016,10,10,L,NH.wood
p360,Core,280500,4867500,805,12.62,0.05,540,21,5.38663272631257,1996,2006,2016,10,10,L,NH.wood
p361,Core,280500,4867300,805,12.62,0.05,557,20,6.11626201504843,1996,2006,2016,10,10,L,NH.wood
p362,Core,280500,4867200,805,12.62,0.05,570,27,9.89319872984804,1996,2006,2016,10,10,L,NH.wood
p363,Core,280500,4867000,805,12.62,0.05,590,38,10.2360063113041,1996,2006,2016,10,10,L,NH.wood
p364,Core,280500,4866900,805,12.62,0.05,605,15,14.9451001349127,1996,2006,2016,10,10,L,NH.wood
p365,Core,280500,4866700,805,12.62,0.05,630,57,12.4851996225915,1996,2006,2016,10,10,M,NH.wood
p366,Core,280500,4866600,805,12.62,0.05,650,360,24.0078759080116,1996,2006,2016,10,10,M,NH.high
p367,Core,280000,4866300,800,10,0.0314,770,92,10.2751993377669,1996,2006,2016,10,10,H,SF.spruce
p368,Core,281000,4867000,810,12.62,0.05,620,310,12.5738360764288,1996,2006,2016,10,10,L,NH.wood
p369,Core,281000,4867200,810,12.62,0.05,590,305,9.33540099822857,1996,2006,2016,10,10,L,NH.wood
p370,Core,281000,4867300,810,12.62,0.05,580,348,11.8652772940821,1996,2006,2016,10,10,L,NH.wood
p371,Core,281000,4867500,810,12.62,0.05,565,289,11.1578914322493,1996,2006,2016,10,10,L,NH.wood
p372,Core,281000,4867600,810,12.62,0.05,560,4,18.473734897807,1996,2006,2016,10,10,L,NH.high
p373,Core,281000,4867800,810,12.62,0.05,540,342,18.1730800065715,1996,2006,2016,10,10,L,NH.high
p374,Core,281000,4867900,810,12.62,0.05,525,360,22.1694662642939,1996,2006,2016,10,10,L,NH.high
p375,Core,281000,4868100,810,12.62,0.05,480,330,9.92257310482608,1996,2006,2016,10,10,L,NH.high
p376,Core,281000,4868200,810,12.62,0.05,450,294,11.334631865143,1996,2006,2016,10,10,L,NH.hemlock
p377,Core,281000,4868400,810,12.62,0.05,420,20,38.9436967581737,1996,2006,2016,10,10,L,NH.hemlock
p378,Core,281500,4868800,815,12.62,0.05,370,308,7.36303836375474,1997,2006,2016,9,10,L,NH.hemlock
p379,Core,281500,4868700,815,12.62,0.05,370,353,6.24279493638732,1997,2006,2016,9,10,L,NH.hemlock
p380,Core,281500,4868500,815,12.62,0.05,420,328,16.6744599012176,1997,2006,2016,9,10,L,NH.wood
p381,Core,281500,4868400,815,12.62,0.05,410,279,6.11626201504843,1997,2006,2016,9,10,L,NH.hemlock
p382,Core,281500,4868200,815,12.62,0.05,450,336,11.7473001395629,1997,2006,2016,9,10,L,NH.wood
p383,Core,281500,4868100,815,12.62,0.05,480,34,8.8270356050934,1997,2006,2016,9,10,L,NH.hemlock
p384,Core,281500,4867900,815,12.62,0.05,520,2,7.75310536644212,1997,2006,2016,9,10,L,SF.spruce
p385,Core,282000,4869100,820,12.62,0.05,350,338,22.0677597838318,1997,2006,2016,9,10,L,NH.hemlock
p386,Core,282000,4869000,820,12.62,0.05,370,16,12.0226309044641,1997,2006,2016,9,10,L,NH.hemlock
p387,Core,282000,4868800,820,12.62,0.05,390,25,9.38430709735294,1997,2006,2016,9,10,L,SF.firbirch
p388,Core,282000,4868700,820,12.62,0.05,390,40,3.10380367654612,1997,2006,2016,9,10,L,NH.hemlock
p389,Core,282000,4868500,820,12.62,0.05,390,36,22.5359732996845,1997,2006,2016,9,10,L,NH.wood
p390,Core,282000,4868400,820,12.62,0.05,420,26,20.183718713149,1997,2006,2016,9,10,L,NH.wood
p391,Core,282000,4868200,820,12.62,0.05,470,44,21.8847976321609,1997,2006,2016,9,10,L,NH.wood
p392,Core,282500,4868800,825,12.62,0.05,310,54,12.2784560902904,1997,2006,2016,9,10,L,NH.hemlock
p393,Core,282500,4868700,825,12.62,0.05,330,18,15.8384440324536,1997,2005,2015,8,10,L,NH.high
p394,Core,282500,4868500,825,12.62,0.05,370,50,8.6511696948986,1997,2006,2016,9,10,L,NH.hemlock
p395,Core,282500,4868400,825,12.62,0.05,380,284,28.066887362053,1997,2006,2016,9,10,L,NH.hemlock
p396,Core,283000,4868700,830,12.62,0.05,270,1,38.2863116920826,1997,2006,2016,9,10,L,NH.hemlock
p397,Core,283000,4868500,830,12.62,0.05,320,44,18.3133457456017,1997,2006,2016,9,10,L,NH.high
p398,Core,283000,4868400,830,12.62,0.05,320,48,18.1730800065715,1997,2006,2016,9,10,L,NH.wood
p399,Core,283000,4868200,830,12.62,0.05,350,60,14.0540834702391,1997,2006,2016,9,10,L,NH.wood
p400,Core,283000,4868100,830,12.62,0.05,265,350,12.180043224893,1997,2006,2016,9,10,L,NH.wood
p401,Densified,276000,4870275,760,12.62,0.05,590,175,17.1332340059173,1998,2008,2018,10,10,L,NA
p402,Densified,276000,4870250,760,12.62,0.05,580,205,15.3914721059829,1998,2008,2018,10,10,L,NA
p403,Densified,276000,4870225,760,12.62,0.05,580,200,11.2953502084085,1998,2008,2018,10,10,L,NA
p404,Densified,276000,4867275,760,12.62,0.05,890,85,42.3330952920846,1998,2008,2018,10,10,H,NA
p405,Densified,276000,4867250,760,12.62,0.05,885,72,32.8783271056187,1998,2008,2018,10,10,H,NA
p406,Densified,276000,4867225,760,12.62,0.05,880,60,12.8694322174618,1998,2008,2018,10,10,H,NA
p407,Densified,277000,4869975,770,12.62,0.05,630,200,18.2331853894942,1998,2008,2018,10,10,M,NA
p408,Densified,277000,4869950,770,12.62,0.05,630,190,28.6745385758807,1998,2008,2018,10,10,M,NA
p409,Densified,277000,4869925,770,12.62,0.05,610,200,19.5386762621956,1998,2008,2018,10,10,L,NA
p410,Densified,277000,4869675,770,12.62,0.05,595,0,14.9451001349127,1998,2008,2018,10,10,L,NA
p411,Densified,277000,4869650,770,12.62,0.05,580,100,19.4380309137718,1998,2008,2018,10,10,L,NA
p412,Densified,277000,4869625,770,12.62,0.05,595,100,15.2426156864539,1998,2008,2018,10,10,L,NA
p413,Densified,280000,4867875,800,12.62,0.05,525,10,16.4353714476847,1998,2008,2018,10,10,L,NA
p414,Densified,280000,4867850,800,12.62,0.05,525,22,12.6132362919469,1998,2008,2018,10,10,L,NA
p415,Densified,280000,4867825,800,12.62,0.05,540,356,22.3119288614577,1998,2008,2018,10,10,L,NA
p416,Densified,280000,4867275,800,12.62,0.05,670,28,16.7342609081419,1998,2008,2018,10,10,M,NA
p417,Densified,280000,4867250,800,12.62,0.05,675,24,21.0733052568936,1998,2008,2018,10,10,M,NA
p418,Densified,280000,4867225,800,12.62,0.05,680,10,26.5871782345056,1998,2008,2018,10,10,M,NA
p419,Densified,278000,4870275,780,12.62,0.05,725,175,18.9855932106659,1998,2008,2018,10,10,H,NA
p420,Densified,278000,4870250,780,12.62,0.05,720,196,6.89525090924111,1998,2008,2018,10,10,H,NA
p421,Densified,278000,4870225,780,12.62,0.05,720,140,9.72677572215896,1998,2008,2018,10,10,H,NA
p422,Densified,278000,4869675,780,12.62,0.05,620,180,9.62890481975386,1998,2008,2018,10,10,L,NA
p423,Densified,278000,4869650,780,12.62,0.05,620,188,17.2530288077173,1998,2008,2018,10,10,L,NA
p424,Densified,278000,4869625,780,12.62,0.05,605,220,7.6750735753301,1998,2008,2018,10,10,L,NA
p425,Densified,278000,4868775,780,12.62,0.05,530,204,25.2419965209023,1998,2008,2018,10,10,L,NA
p426,Densified,278000,4868750,780,12.62,0.05,510,210,12.8694322174618,1998,2008,2018,10,10,L,NA
p427,Densified,278000,4868725,780,12.62,0.05,500,216,12.8102954453056,1998,2008,2018,10,10,L,NA
p428,Densified,278000,4868175,780,12.62,0.05,565,336,11.2757106714228,1998,2008,2018,10,10,L,NA
p429,Densified,278000,4868150,780,12.62,0.05,565,320,11.2953502084085,1998,2008,2018,10,10,L,NA
p430,Densified,278000,4868125,780,12.62,0.05,570,340,12.0324674462681,1998,2008,2018,10,10,L,NA
p431,Densified,279000,4869075,790,12.62,0.05,630,80,7.96774147819817,1998,2008,2018,10,10,M,NA
p432,Densified,279000,4869050,790,12.62,0.05,620,160,4.65757485477487,1998,2008,2018,10,10,L,NA
p433,Densified,279000,4869025,790,12.62,0.05,610,150,9.33540099822857,1998,2008,2018,10,10,L,NA
p434,Densified,280000,4870275,800,12.62,0.05,700,140,20.9518125542608,1998,2008,2018,10,10,M,NA
p435,Densified,280000,4870250,800,12.62,0.05,690,135,23.5468743483326,1998,2008,2018,10,10,M,NA
p436,Densified,280000,4870225,800,12.62,0.05,675,130,20.7494561370681,1998,2008,2018,10,10,M,NA
p437,Densified,277000,4868175,770,12.62,0.05,660,355,29.990869067171,1998,2008,2018,10,10,M,NA
p438,Densified,277000,4868150,770,12.62,0.05,690,40,3.68625229902169,1998,2008,2018,10,10,M,NA
p439,Densified,277000,4868125,770,12.62,0.05,660,55,11.0499173422324,1998,2008,2018,10,10,M,NA
p440,Densified,277000,4867575,770,12.62,0.05,690,80,34.1077096341124,1998,2008,2018,10,10,M,NA
p441,Densified,277000,4867550,770,12.62,0.05,700,60,27.1069363618818,1998,2008,2018,10,10,M,NA
p442,Densified,277000,4867525,770,12.62,0.05,705,85,42.6765372034433,1998,2008,2018,10,10,M,NA
p443,Densified,281000,4869075,810,12.62,0.05,460,300,2.32752583555563,1998,2008,2018,10,10,L,NA
p444,Densified,281000,4869050,810,12.62,0.05,460,322,13.0666189872048,1998,2008,2018,10,10,L,NA
p445,Densified,281000,4869025,810,12.62,0.05,490,130,10.6084674230367,1998,2008,2018,10,10,L,NA
p446,Densified,282000,4870275,820,12.62,0.05,625,270,11.3935608301645,1998,2008,2018,10,10,L,NA
p447,Densified,282000,4870250,820,12.62,0.05,630,210,20.9518125542608,1998,2008,2018,10,10,M,NA
p448,Densified,282000,4870225,820,12.62,0.05,615,210,15.2426156864539,1998,2008,2018,10,10,L,NA
p449,Densified,282000,4869675,820,12.62,0.05,420,192,15.6595821004312,1998,2008,2018,10,10,L,NA
p450,Densified,282000,4869650,820,12.62,0.05,410,170,25.4483794019944,1998,2008,2018,10,10,L,NA
p451,Densified,282000,4869625,820,12.62,0.05,405,200,8.06532735123634,1998,2008,2018,10,10,L,NA
p452,Densified,282000,4869075,820,12.62,0.05,385,347,2.35663061280646,1998,2008,2018,10,10,L,NA
p453,Densified,282000,4869050,820,12.62,0.05,400,30,3.78335029362594,1998,2008,2018,10,10,L,NA
p454,Densified,282000,4869025,820,12.62,0.05,400,44,9.80508572823969,1998,2008,2018,10,10,L,NA
p455,Densified,283000,4869675,830,12.62,0.05,310,160,11.0008466382998,1998,2008,2018,10,10,L,NA
p456,Densified,283000,4869650,830,12.62,0.05,310,90,27.7324544059838,1998,2008,2018,10,10,L,NA
p457,Densified,283000,4869625,830,12.62,0.05,305,120,20.6483390801742,1998,2008,2018,10,10,L,NA
p458,Densified,283000,4869375,830,12.62,0.05,295,100,16.1367676409459,1998,2008,2018,10,10,L,NA
p459,Densified,283000,4869350,830,12.62,0.05,290,140,8.94430958668299,1998,2008,2018,10,10,L,NA
p460,Densified,283000,4869325,830,12.62,0.05,285,140,11.9832870286757,1998,2008,2018,10,10,L,NA
